peakToPeak(VDC("/Vout"))/24m X,peakToPeak(VDC("/Vout"))/24m Y
0.7,0.001620236443122813
0.77,0.004757932243961334
0.84,0.006095981976372844
0.91,0.005929404397105505
